file,width,height,bytes,sha256
connemara.png,1536,1024,3266747,f88306e94c50d1de71cc4198368b50301b9e139944edadcb47eb7d9e654efb74
glendalough.png,1536,1024,3337170,63aa7e12757d93a7692538696ceacd56b3e647dcc4b849b9ffb81b942f72f6fe
glenveagh-national-park.png,1536,1024,3404913,78ef6cae25749d696ca602f1a5f7c9c0a189ef03fec1d45bb14a061bf0f38e18
hero-cliffs-of-moher.png,1536,1024,3061103,866ba05af526da356e31f869b93cbcfb12e46665069387ddf67b4b197117ae93
killarney-ladies-view.png,1536,1024,3111539,f014a41be3f5b11e22f01299dc946b75977541e4df858cd46b2fc97d3adf19a7
newgrange.png,1536,1024,2941151,abb7b6a9ccda6915383b131ff96eadce7aecf112243882ec18d9e536fe15a60b
rock-of-cashel.png,1536,1024,3168966,c0a3902c9fa3f429e2ac67e63b272478fbe3a5b48e5a9063455eda52beaf4cce
skellig-michael.png,1536,1024,2909891,2ef487e746a0d2be5fdcfc1fdbdc4a037de160f25ed9e3723f3b188d2ae152b9
the-burren-mullaghmore.png,1536,1024,3343192,5a8dd0f3abe6f65ac99c175820d0ab1e1bf2ec1cd7ab7d3879d77e89a5043043
